{"v":"4.10.2","fr":30,"ip":0,"op":24,"w":2000,"h":2000,"nm":"Bryce - code","ddd":0,"assets":[],"layers":[{"ddd":0,"ind":1,"ty":4,"nm":"eyebrow right","parent":7,"sr":1,"ks":{"o":{"a":0,"k":100,"ix":11},"r":{"a":0,"k":16.331,"ix":10},"p":{"a":1,"k":[{"i":{"x":0.33,"y":1},"o":{"x":0.67,"y":0},"n":"0p33_1_0p67_0","t":0,"s":[6786.978,3428.261,0],"e":[6784.417,3638.387,0],"to":[0,0,0],"ti":[0,0,0]},{"i":{"x":0.33,"y":1},"o":{"x":0.67,"y":0},"n":"0p33_1_0p67_0","t":6,"s":[6784.417,3638.387,0],"e":[6786.978,3428.261,0],"to":[0,0,0],"ti":[0,0,0]},{"i":{"x":0.33,"y":1},"o":{"x":0.67,"y":0},"n":"0p33_1_0p67_0","t":12,"s":[6786.978,3428.261,0],"e":[6784.417,3638.387,0],"to":[0,0,0],"ti":[0,0,0]},{"i":{"x":0.33,"y":1},"o":{"x":0.67,"y":0},"n":"0p33_1_0p67_0","t":17,"s":[6784.417,3638.387,0],"e":[6786.978,3428.261,0],"to":[0,0,0],"ti":[0,0,0]},{"t":24}],"ix":2},"a":{"a":0,"k":[549.5,-647.014,0],"ix":1},"s":{"a":0,"k":[526.238,525.421,100],"ix":6}},"ao":0,"shapes":[{"ty":"gr","it":[{"ind":0,"ty":"sh","ix":1,"ks":{"a":0,"k":{"i":[[57,1],[0,0],[0,0]],"o":[[-57,-1],[0,0],[0,0]],"v":[[548,-660],[470,-634],[629,-634]],"c":true},"ix":2},"nm":"Path 1","mn":"ADBE Vector Shape - Group","hd":false},{"ty":"st","c":{"a":0,"k":[0.113725490196,0.156862745098,0.352941176471,1],"ix":3},"o":{"a":0,"k":100,"ix":4},"w":{"a":0,"k":16,"ix":5},"lc":2,"lj":2,"nm":"Stroke 1","mn":"ADBE Vector Graphic - Stroke","hd":false},{"ty":"fl","c":{"a":0,"k":[0.113725490196,0.156862745098,0.352941176471,1],"ix":4},"o":{"a":0,"k":100,"ix":5},"r":1,"nm":"Fill 1","mn":"ADBE Vector Graphic - Fill","hd":false},{"ty":"tr","p":{"a":0,"k":[0,0],"ix":2},"a":{"a":0,"k":[0,0],"ix":1},"s":{"a":0,"k":[100,100],"ix":3},"r":{"a":0,"k":0,"ix":6},"o":{"a":0,"k":100,"ix":7},"sk":{"a":0,"k":0,"ix":4},"sa":{"a":0,"k":0,"ix":5},"nm":"Transform"}],"nm":"Shape 1","np":3,"cix":2,"ix":1,"mn":"ADBE Vector Group","hd":false}],"ip":0,"op":300,"st":0,"bm":0},{"ddd":0,"ind":2,"ty":4,"nm":"eyebrow left","parent":7,"sr":1,"ks":{"o":{"a":0,"k":100,"ix":11},"r":{"a":0,"k":-14.669,"ix":10},"p":{"a":1,"k":[{"i":{"x":0.48,"y":1},"o":{"x":0.52,"y":0},"n":"0p48_1_0p52_0","t":0,"s":[5081.221,3395.637,0],"e":[5078.659,3605.762,0],"to":[0,0,0],"ti":[0,0,0]},{"i":{"x":0.48,"y":1},"o":{"x":0.52,"y":0},"n":"0p48_1_0p52_0","t":6,"s":[5078.659,3605.762,0],"e":[5081.221,3395.637,0],"to":[0,0,0],"ti":[0,0,0]},{"i":{"x":0.48,"y":1},"o":{"x":0.52,"y":0},"n":"0p48_1_0p52_0","t":12,"s":[5081.221,3395.637,0],"e":[5078.659,3605.762,0],"to":[0,0,0],"ti":[0,0,0]},{"i":{"x":0.48,"y":1},"o":{"x":0.52,"y":0},"n":"0p48_1_0p52_0","t":17,"s":[5078.659,3605.762,0],"e":[5081.221,3395.637,0],"to":[0,0,0],"ti":[0,0,0]},{"t":24}],"ix":2},"a":{"a":0,"k":[549.5,-647.014,0],"ix":1},"s":{"a":0,"k":[526.254,525.404,100],"ix":6}},"ao":0,"shapes":[{"ty":"gr","it":[{"ind":0,"ty":"sh","ix":1,"ks":{"a":0,"k":{"i":[[57,1],[0,0],[0,0]],"o":[[-57,-1],[0,0],[0,0]],"v":[[548,-660],[470,-634],[629,-634]],"c":true},"ix":2},"nm":"Path 1","mn":"ADBE Vector Shape - Group","hd":false},{"ty":"st","c":{"a":0,"k":[0.113725490196,0.156862745098,0.352941176471,1],"ix":3},"o":{"a":0,"k":100,"ix":4},"w":{"a":0,"k":16,"ix":5},"lc":2,"lj":2,"nm":"Stroke 1","mn":"ADBE Vector Graphic - Stroke","hd":false},{"ty":"fl","c":{"a":0,"k":[0.113725490196,0.156862745098,0.352941176471,1],"ix":4},"o":{"a":0,"k":100,"ix":5},"r":1,"nm":"Fill 1","mn":"ADBE Vector Graphic - Fill","hd":false},{"ty":"tr","p":{"a":0,"k":[0,0],"ix":2},"a":{"a":0,"k":[0,0],"ix":1},"s":{"a":0,"k":[100,100],"ix":3},"r":{"a":0,"k":0,"ix":6},"o":{"a":0,"k":100,"ix":7},"sk":{"a":0,"k":0,"ix":4},"sa":{"a":0,"k":0,"ix":5},"nm":"Transform"}],"nm":"Shape 1","np":3,"cix":2,"ix":1,"mn":"ADBE Vector Group","hd":false}],"ip":0,"op":300,"st":0,"bm":0},{"ddd":0,"ind":3,"ty":3,"nm":"Shade It! Controllers","sr":1,"ks":{"o":{"a":0,"k":0,"ix":11},"r":{"a":0,"k":0,"ix":10},"p":{"a":0,"k":[1000,1000,0],"ix":2},"a":{"a":0,"k":[0,0,0],"ix":1},"s":{"a":0,"k":[100,100,100],"ix":6}},"ao":0,"ef":[{"ty":5,"nm":"Shade It! - ","np":27,"mn":"Pseudo/GuH1f5d4bc7dX","ix":1,"en":0,"ef":[{"ty":10,"nm":"Light Source","mn":"Pseudo/GuH1f5d4bc7dX-0001","ix":1,"v":{"a":0,"k":0,"ix":1}},{"ty":6,"nm":"Emboss","mn":"Pseudo/GuH1f5d4bc7dX-0002","ix":2,"v":0},{"ty":7,"nm":"Enable","mn":"Pseudo/GuH1f5d4bc7dX-0003","ix":3,"v":{"a":0,"k":0,"ix":3}},{"ty":0,"nm":"Size","mn":"Pseudo/GuH1f5d4bc7dX-0004","ix":4,"v":{"a":0,"k":100,"ix":4}},{"ty":0,"nm":"Density","mn":"Pseudo/GuH1f5d4bc7dX-0005","ix":5,"v":{"a":0,"k":100,"ix":5}},{"ty":2,"nm":"Highlight Color","mn":"Pseudo/GuH1f5d4bc7dX-0006","ix":6,"v":{"a":0,"k":[1,1,1,1],"ix":6}},{"ty":0,"nm":"Highlight Opacity","mn":"Pseudo/GuH1f5d4bc7dX-0007","ix":7,"v":{"a":0,"k":100,"ix":7}},{"ty":2,"nm":"Shadow Color","mn":"Pseudo/GuH1f5d4bc7dX-0008","ix":8,"v":{"a":0,"k":[0,0,0,1],"ix":8}},{"ty":0,"nm":"Shadow Opacity","mn":"Pseudo/GuH1f5d4bc7dX-0009","ix":9,"v":{"a":0,"k":100,"ix":9}},{"ty":0,"nm":"Light Angle","mn":"Pseudo/GuH1f5d4bc7dX-0010","ix":10,"v":{"a":0,"k":0,"ix":10}},{"ty":6,"nm":"","mn":"Pseudo/GuH1f5d4bc7dX-0011","ix":11,"v":0},{"ty":6,"nm":"Inner Shadow","mn":"Pseudo/GuH1f5d4bc7dX-0012","ix":12,"v":0},{"ty":7,"nm":"Enable","mn":"Pseudo/GuH1f5d4bc7dX-0013","ix":13,"v":{"a":0,"k":1,"ix":13}},{"ty":0,"nm":"Size","mn":"Pseudo/GuH1f5d4bc7dX-0014","ix":14,"v":{"a":0,"k":76,"ix":14}},{"ty":2,"nm":"Color","mn":"Pseudo/GuH1f5d4bc7dX-0015","ix":15,"v":{"a":0,"k":[0.294352978468,0.874394178391,0.926041662693,1],"ix":15}},{"ty":0,"nm":"Opacity","mn":"Pseudo/GuH1f5d4bc7dX-0016","ix":16,"v":{"a":0,"k":96.9,"ix":16}},{"ty":7,"nm":"Link Light Angle","mn":"Pseudo/GuH1f5d4bc7dX-0017","ix":17,"v":{"a":0,"k":0,"ix":17}},{"ty":0,"nm":"Light Angle","mn":"Pseudo/GuH1f5d4bc7dX-0018","ix":18,"v":{"a":0,"k":281,"ix":18}},{"ty":6,"nm":"","mn":"Pseudo/GuH1f5d4bc7dX-0019","ix":19,"v":0},{"ty":6,"nm":"Dancing Noise","mn":"Pseudo/GuH1f5d4bc7dX-0020","ix":20,"v":0},{"ty":7,"nm":"Enable","mn":"Pseudo/GuH1f5d4bc7dX-0021","ix":21,"v":{"a":0,"k":1,"ix":21}},{"ty":0,"nm":"Hold Time [f]","mn":"Pseudo/GuH1f5d4bc7dX-0022","ix":22,"v":{"a":0,"k":4,"ix":22}},{"ty":0,"nm":"Strength","mn":"Pseudo/GuH1f5d4bc7dX-0023","ix":23,"v":{"a":0,"k":50,"ix":23}},{"ty":0,"nm":"Speed","mn":"Pseudo/GuH1f5d4bc7dX-0024","ix":24,"v":{"a":0,"k":50,"ix":24}},{"ty":6,"nm":"","mn":"Pseudo/GuH1f5d4bc7dX-0025","ix":25,"v":0}]}],"ip":0,"op":300,"st":0,"bm":0},{"ddd":0,"ind":4,"ty":4,"nm":"Lips","parent":6,"sr":1,"ks":{"o":{"a":0,"k":100,"ix":11},"r":{"a":0,"k":25,"ix":10},"p":{"a":0,"k":[5583.674,6185.8,0],"ix":2},"a":{"a":0,"k":[0,0,0],"ix":1},"s":{"a":0,"k":[526.316,526.316,100],"ix":6}},"ao":0,"shapes":[{"ty":"gr","it":[{"ind":0,"ty":"sh","ix":1,"ks":{"a":0,"k":{"i":[[-21.966,-19.519],[-28.53,2.77],[-243.405,153.729]],"o":[[21.966,19.519],[114.6,-11.128],[304,-192]],"v":[[-181.094,-12.441],[-114.177,4.172],[484.731,-270.149]],"c":false},"ix":2},"nm":"Path 1","mn":"ADBE Vector Shape - Group","hd":false},{"ty":"st","c":{"a":0,"k":[0.113725490196,0.156862745098,0.352941176471,1],"ix":3},"o":{"a":0,"k":100,"ix":4},"w":{"a":0,"k":16,"ix":5},"lc":2,"lj":1,"ml":4,"nm":"Stroke 1","mn":"ADBE Vector Graphic - Stroke","hd":false},{"ty":"tr","p":{"a":0,"k":[0,0],"ix":2},"a":{"a":0,"k":[0,0],"ix":1},"s":{"a":0,"k":[100,100],"ix":3},"r":{"a":0,"k":0,"ix":6},"o":{"a":0,"k":100,"ix":7},"sk":{"a":0,"k":0,"ix":4},"sa":{"a":0,"k":0,"ix":5},"nm":"Transform"}],"nm":"Shape 1","np":3,"cix":2,"ix":1,"mn":"ADBE Vector Group","hd":false}],"ip":0,"op":300,"st":0,"bm":0},{"ddd":0,"ind":5,"ty":4,"nm":"Eyes","parent":7,"sr":1,"ks":{"o":{"a":0,"k":100,"ix":11},"r":{"a":0,"k":0,"ix":10},"p":{"a":1,"k":[{"i":{"x":0.71,"y":1},"o":{"x":0.29,"y":0},"n":"0p71_1_0p29_0","t":-11,"s":[5919.84,5137.078,0],"e":[5922.91,5310.42,0],"to":[0,0,0],"ti":[0,0,0]},{"i":{"x":0.71,"y":1},"o":{"x":0.29,"y":0},"n":"0p71_1_0p29_0","t":-5,"s":[5922.91,5310.42,0],"e":[5919.84,5137.078,0],"to":[0,0,0],"ti":[0,0,0]},{"i":{"x":0.71,"y":1},"o":{"x":0.29,"y":0},"n":"0p71_1_0p29_0","t":1,"s":[5919.84,5137.078,0],"e":[5922.91,5310.42,0],"to":[0,0,0],"ti":[0,0,0]},{"i":{"x":0.71,"y":1},"o":{"x":0.29,"y":0},"n":"0p71_1_0p29_0","t":7,"s":[5922.91,5310.42,0],"e":[5919.84,5137.078,0],"to":[0,0,0],"ti":[0,0,0]},{"i":{"x":0.71,"y":1},"o":{"x":0.29,"y":0},"n":"0p71_1_0p29_0","t":13,"s":[5919.84,5137.078,0],"e":[5922.91,5310.42,0],"to":[0,0,0],"ti":[0,0,0]},{"i":{"x":0.71,"y":1},"o":{"x":0.29,"y":0},"n":"0p71_1_0p29_0","t":19,"s":[5922.91,5310.42,0],"e":[5919.84,5137.078,0],"to":[0,0,0],"ti":[0,0,0]},{"i":{"x":0.71,"y":1},"o":{"x":0.29,"y":0},"n":"0p71_1_0p29_0","t":25,"s":[5919.84,5137.078,0],"e":[5922.91,5310.42,0],"to":[0,0,0],"ti":[0,0,0]},{"i":{"x":0.71,"y":1},"o":{"x":0.29,"y":0},"n":"0p71_1_0p29_0","t":31,"s":[5922.91,5310.42,0],"e":[5919.84,5137.078,0],"to":[0,0,0],"ti":[0,0,0]},{"t":37}],"ix":2},"a":{"a":0,"k":[5919.839,5137.077,0],"ix":1},"s":{"a":1,"k":[{"i":{"x":[0.71,0.71,0.71],"y":[1,1,1]},"o":{"x":[0.29,0.29,0.29],"y":[0,0,0]},"n":["0p71_1_0p29_0","0p71_1_0p29_0","0p71_1_0p29_0"],"t":-11,"s":[100,100,100],"e":[100,102,100]},{"i":{"x":[0.71,0.71,0.71],"y":[1,1,1]},"o":{"x":[0.29,0.29,0.29],"y":[0,0,0]},"n":["0p71_1_0p29_0","0p71_1_0p29_0","0p71_1_0p29_0"],"t":-5,"s":[100,102,100],"e":[100,100,100]},{"i":{"x":[0.71,0.71,0.71],"y":[1,1,1]},"o":{"x":[0.29,0.29,0.29],"y":[0,0,0]},"n":["0p71_1_0p29_0","0p71_1_0p29_0","0p71_1_0p29_0"],"t":1,"s":[100,100,100],"e":[100,102,100]},{"i":{"x":[0.71,0.71,0.71],"y":[1,1,1]},"o":{"x":[0.29,0.29,0.29],"y":[0,0,0]},"n":["0p71_1_0p29_0","0p71_1_0p29_0","0p71_1_0p29_0"],"t":7,"s":[100,102,100],"e":[100,100,100]},{"i":{"x":[0.71,0.71,0.71],"y":[1,1,1]},"o":{"x":[0.29,0.29,0.29],"y":[0,0,0]},"n":["0p71_1_0p29_0","0p71_1_0p29_0","0p71_1_0p29_0"],"t":13,"s":[100,100,100],"e":[100,102,100]},{"i":{"x":[0.71,0.71,0.71],"y":[1,1,1]},"o":{"x":[0.29,0.29,0.29],"y":[0,0,0]},"n":["0p71_1_0p29_0","0p71_1_0p29_0","0p71_1_0p29_0"],"t":19,"s":[100,102,100],"e":[100,100,100]},{"i":{"x":[0.71,0.71,0.71],"y":[1,1,1]},"o":{"x":[0.29,0.29,0.29],"y":[0,0,0]},"n":["0p71_1_0p29_0","0p71_1_0p29_0","0p71_1_0p29_0"],"t":25,"s":[100,100,100],"e":[100,102,100]},{"i":{"x":[0.71,0.71,0.71],"y":[1,1,1]},"o":{"x":[0.29,0.29,0.29],"y":[0,0,0]},"n":["0p71_1_0p29_0","0p71_1_0p29_0","0p71_1_0p29_0"],"t":31,"s":[100,102,100],"e":[100,100,100]},{"t":37}],"ix":6}},"ao":0,"shapes":[{"ty":"gr","it":[{"ind":0,"ty":"sh","ix":1,"ks":{"a":0,"k":{"i":[[0,180.703],[149.151,0],[0,-180.703],[-149.152,0]],"o":[[0,-180.703],[-149.152,0],[0,180.703],[149.151,0]],"v":[[270.063,0],[0,-327.192],[-270.063,0],[0,327.191]],"c":true},"ix":2},"nm":"Path 1","mn":"ADBE Vector Shape - Group","hd":false},{"ty":"fl","c":{"a":0,"k":[0.118000000598,0.118000000598,0.118000000598,1],"ix":4},"o":{"a":0,"k":100,"ix":5},"r":1,"nm":"Fill 1","mn":"ADBE Vector Graphic - Fill","hd":false},{"ty":"tr","p":{"a":0,"k":[6704.598,4611.145],"ix":2},"a":{"a":0,"k":[0,0],"ix":1},"s":{"a":0,"k":[100,100],"ix":3},"r":{"a":0,"k":0,"ix":6},"o":{"a":0,"k":100,"ix":7},"sk":{"a":0,"k":0,"ix":4},"sa":{"a":0,"k":0,"ix":5},"nm":"Transform"}],"nm":"Group 1","np":2,"cix":2,"ix":1,"mn":"ADBE Vector Group","hd":false},{"ty":"gr","it":[{"ind":0,"ty":"sh","ix":1,"ks":{"a":0,"k":{"i":[[0,370.138],[293.844,0],[0,-370.137],[-293.844,0]],"o":[[0,-370.137],[-293.844,0],[0,370.138],[293.844,0]],"v":[[532.052,0],[0,-670.193],[-532.051,0],[0,670.193]],"c":true},"ix":2},"nm":"Path 1","mn":"ADBE Vector Shape - Group","hd":false},{"ty":"fl","c":{"a":0,"k":[0.969000004787,0.961000031116,0.948999980852,1],"ix":4},"o":{"a":0,"k":100,"ix":5},"r":1,"nm":"Fill 1","mn":"ADBE Vector Graphic - Fill","hd":false},{"ty":"tr","p":{"a":0,"k":[6611.786,4466.884],"ix":2},"a":{"a":0,"k":[0,0],"ix":1},"s":{"a":0,"k":[100,100],"ix":3},"r":{"a":0,"k":0,"ix":6},"o":{"a":0,"k":100,"ix":7},"sk":{"a":0,"k":0,"ix":4},"sa":{"a":0,"k":0,"ix":5},"nm":"Transform"}],"nm":"Group 2","np":2,"cix":2,"ix":2,"mn":"ADBE Vector Group","hd":false},{"ty":"gr","it":[{"ind":0,"ty":"sh","ix":1,"ks":{"a":0,"k":{"i":[[0,196.198],[161.942,0],[0,-196.198],[-161.941,0]],"o":[[0,-196.198],[-161.941,0],[0,196.198],[161.942,0]],"v":[[293.221,0],[0,-355.249],[-293.221,0],[0,355.248]],"c":true},"ix":2},"nm":"Path 1","mn":"ADBE Vector Shape - Group","hd":false},{"ty":"fl","c":{"a":0,"k":[0.118000000598,0.118000000598,0.118000000598,1],"ix":4},"o":{"a":0,"k":100,"ix":5},"r":1,"nm":"Fill 1","mn":"ADBE Vector Graphic - Fill","hd":false},{"ty":"tr","p":{"a":0,"k":[5374.285,4562.681],"ix":2},"a":{"a":0,"k":[0,0],"ix":1},"s":{"a":0,"k":[100,100],"ix":3},"r":{"a":0,"k":0,"ix":6},"o":{"a":0,"k":100,"ix":7},"sk":{"a":0,"k":0,"ix":4},"sa":{"a":0,"k":0,"ix":5},"nm":"Transform"}],"nm":"Group 3","np":2,"cix":2,"ix":3,"mn":"ADBE Vector Group","hd":false},{"ty":"gr","it":[{"ind":0,"ty":"sh","ix":1,"ks":{"a":0,"k":{"i":[[0,401.876],[319.041,0],[0,-401.876],[-319.041,0]],"o":[[0,-401.876],[-319.041,0],[0,401.876],[319.041,0]],"v":[[577.675,0],[0,-727.662],[-577.675,0],[0,727.662]],"c":true},"ix":2},"nm":"Path 1","mn":"ADBE Vector Shape - Group","hd":false},{"ty":"fl","c":{"a":0,"k":[0.969000004787,0.961000031116,0.948999980852,1],"ix":4},"o":{"a":0,"k":100,"ix":5},"r":1,"nm":"Fill 1","mn":"ADBE Vector Graphic - Fill","hd":false},{"ty":"tr","p":{"a":0,"k":[5273.516,4406.05],"ix":2},"a":{"a":0,"k":[0,0],"ix":1},"s":{"a":0,"k":[100,100],"ix":3},"r":{"a":0,"k":0,"ix":6},"o":{"a":0,"k":100,"ix":7},"sk":{"a":0,"k":0,"ix":4},"sa":{"a":0,"k":0,"ix":5},"nm":"Transform"}],"nm":"Group 4","np":2,"cix":2,"ix":4,"mn":"ADBE Vector Group","hd":false}],"ip":-12,"op":288,"st":-12,"bm":0},{"ddd":0,"ind":6,"ty":4,"nm":"Upper Mouth","parent":7,"sr":1,"ks":{"o":{"a":0,"k":100,"ix":11},"r":{"a":1,"k":[{"i":{"x":[0.71],"y":[1]},"o":{"x":[0.29],"y":[0]},"n":["0p71_1_0p29_0"],"t":-23,"s":[0],"e":[5]},{"i":{"x":[0.71],"y":[1]},"o":{"x":[0.29],"y":[0]},"n":["0p71_1_0p29_0"],"t":-17,"s":[5],"e":[0]},{"i":{"x":[0.71],"y":[1]},"o":{"x":[0.29],"y":[0]},"n":["0p71_1_0p29_0"],"t":-11,"s":[0],"e":[5]},{"i":{"x":[0.71],"y":[1]},"o":{"x":[0.29],"y":[0]},"n":["0p71_1_0p29_0"],"t":-5,"s":[5],"e":[0]},{"i":{"x":[0.71],"y":[1]},"o":{"x":[0.29],"y":[0]},"n":["0p71_1_0p29_0"],"t":1,"s":[0],"e":[5]},{"i":{"x":[0.71],"y":[1]},"o":{"x":[0.29],"y":[0]},"n":["0p71_1_0p29_0"],"t":7,"s":[5],"e":[0]},{"i":{"x":[0.71],"y":[1]},"o":{"x":[0.29],"y":[0]},"n":["0p71_1_0p29_0"],"t":13,"s":[0],"e":[5]},{"i":{"x":[0.71],"y":[1]},"o":{"x":[0.29],"y":[0]},"n":["0p71_1_0p29_0"],"t":19,"s":[5],"e":[0]},{"t":25}],"ix":10},"p":{"a":0,"k":[5261.832,5434.026,0],"ix":2},"a":{"a":0,"k":[5261.832,5434.026,0],"ix":1},"s":{"a":0,"k":[100,100,100],"ix":6}},"ao":0,"shapes":[{"ty":"gr","it":[{"ind":0,"ty":"sh","ix":1,"ks":{"a":0,"k":{"i":[[0,0],[0,0]],"o":[[0,0],[0,0]],"v":[[51.556,-117.086],[-51.555,117.086]],"c":false},"ix":2},"nm":"Path 1","mn":"ADBE Vector Shape - Group","hd":false},{"ty":"st","c":{"a":0,"k":[0.113999998803,0.156999999402,0.352999997606,1],"ix":3},"o":{"a":0,"k":100,"ix":4},"w":{"a":0,"k":60.83,"ix":5},"lc":2,"lj":1,"ml":10,"nm":"Stroke 1","mn":"ADBE Vector Graphic - Stroke","hd":false},{"ty":"tr","p":{"a":0,"k":[8215.473,5411.774],"ix":2},"a":{"a":0,"k":[0,0],"ix":1},"s":{"a":0,"k":[100,100],"ix":3},"r":{"a":0,"k":0,"ix":6},"o":{"a":0,"k":100,"ix":7},"sk":{"a":0,"k":0,"ix":4},"sa":{"a":0,"k":0,"ix":5},"nm":"Transform"}],"nm":"Group 2","np":2,"cix":2,"ix":2,"mn":"ADBE Vector Group","hd":false},{"ty":"gr","it":[{"ind":0,"ty":"sh","ix":1,"ks":{"a":0,"k":{"i":[[0,0],[0,0]],"o":[[0,0],[0,0]],"v":[[-73.366,-104.808],[73.365,104.808]],"c":false},"ix":2},"nm":"Path 1","mn":"ADBE Vector Shape - Group","hd":false},{"ty":"st","c":{"a":0,"k":[0.113999998803,0.156999999402,0.352999997606,1],"ix":3},"o":{"a":0,"k":100,"ix":4},"w":{"a":0,"k":60.83,"ix":5},"lc":2,"lj":1,"ml":10,"nm":"Stroke 1","mn":"ADBE Vector Graphic - Stroke","hd":false},{"ty":"tr","p":{"a":0,"k":[7761.354,5411.775],"ix":2},"a":{"a":0,"k":[0,0],"ix":1},"s":{"a":0,"k":[100,100],"ix":3},"r":{"a":0,"k":0,"ix":6},"o":{"a":0,"k":100,"ix":7},"sk":{"a":0,"k":0,"ix":4},"sa":{"a":0,"k":0,"ix":5},"nm":"Transform"}],"nm":"Group 3","np":2,"cix":2,"ix":3,"mn":"ADBE Vector Group","hd":false},{"ty":"gr","it":[{"ind":0,"ty":"sh","ix":1,"ks":{"a":0,"k":{"i":[[512,368],[-999.271,0],[-145.121,-853.866],[162.475,0]],"o":[[-497.167,-357.339],[895.203,0],[27.225,160.177],[0,0]],"v":[[-1609.67,629.908],[295.932,-997.908],[2079.613,506.087],[1817.375,811.432]],"c":true},"ix":2},"nm":"Path 1","mn":"ADBE Vector Shape - Group","hd":false},{"ty":"fl","c":{"a":0,"k":[0.19199999641,0.764999988032,0.816000007181,1],"ix":4},"o":{"a":0,"k":100,"ix":5},"r":1,"nm":"Fill 1","mn":"ADBE Vector Graphic - Fill","hd":false},{"ty":"tr","p":{"a":0,"k":[6494.126,5227.173],"ix":2},"a":{"a":0,"k":[0,0],"ix":1},"s":{"a":0,"k":[100,100],"ix":3},"r":{"a":0,"k":0,"ix":6},"o":{"a":0,"k":100,"ix":7},"sk":{"a":0,"k":0,"ix":4},"sa":{"a":0,"k":0,"ix":5},"nm":"Transform"}],"nm":"Group 4","np":2,"cix":2,"ix":4,"mn":"ADBE Vector Group","hd":false},{"ty":"gr","it":[{"ind":0,"ty":"sh","ix":1,"ks":{"a":0,"k":{"i":[[-106.997,0],[0,0],[0,106.997],[0,0],[0,0],[0,0]],"o":[[0,0],[106.998,0],[0,0],[0,0],[0,0],[0,106.997]],"v":[[0,141.026],[0,141.026],[193.734,-52.709],[193.734,-141.026],[-193.735,-114.155],[-193.735,-52.709]],"c":true},"ix":2},"nm":"Path 1","mn":"ADBE Vector Shape - Group","hd":false},{"ty":"fl","c":{"a":0,"k":[0.987999949736,0.933000033509,0.859000052658,1],"ix":4},"o":{"a":0,"k":100,"ix":5},"r":1,"nm":"Fill 1","mn":"ADBE Vector Graphic - Fill","hd":false},{"ty":"tr","p":{"a":0,"k":[6479.755,6232.914],"ix":2},"a":{"a":0,"k":[0,0],"ix":1},"s":{"a":0,"k":[100,100],"ix":3},"r":{"a":0,"k":0,"ix":6},"o":{"a":0,"k":100,"ix":7},"sk":{"a":0,"k":0,"ix":4},"sa":{"a":0,"k":0,"ix":5},"nm":"Transform"}],"nm":"Group 5","np":2,"cix":2,"ix":5,"mn":"ADBE Vector Group","hd":false},{"ty":"gr","it":[{"ind":0,"ty":"sh","ix":1,"ks":{"a":0,"k":{"i":[[-106.997,0],[0,0],[0,106.997],[0,0],[0,0],[0,0]],"o":[[0,0],[106.997,0],[0,0],[0,0],[0,0],[0,106.997]],"v":[[0,184.878],[0,184.878],[193.735,-8.856],[193.735,-158.007],[-193.735,-184.878],[-193.735,-8.856]],"c":true},"ix":2},"nm":"Path 1","mn":"ADBE Vector Shape - Group","hd":false},{"ty":"fl","c":{"a":0,"k":[0.969000004787,0.961000031116,0.948999980852,1],"ix":4},"o":{"a":0,"k":100,"ix":5},"r":1,"nm":"Fill 1","mn":"ADBE Vector Graphic - Fill","hd":false},{"ty":"tr","p":{"a":0,"k":[5971.114,6249.896],"ix":2},"a":{"a":0,"k":[0,0],"ix":1},"s":{"a":0,"k":[100,100],"ix":3},"r":{"a":0,"k":0,"ix":6},"o":{"a":0,"k":100,"ix":7},"sk":{"a":0,"k":0,"ix":4},"sa":{"a":0,"k":0,"ix":5},"nm":"Transform"}],"nm":"Group 6","np":2,"cix":2,"ix":6,"mn":"ADBE Vector Group","hd":false}],"ip":-26,"op":277,"st":-23,"bm":0},{"ddd":0,"ind":7,"ty":4,"nm":"Head","parent":10,"sr":1,"ks":{"o":{"a":0,"k":100,"ix":11},"r":{"a":1,"k":[{"i":{"x":[0.71],"y":[1]},"o":{"x":[0.29],"y":[0]},"n":["0p71_1_0p29_0"],"t":0,"s":[0],"e":[-7]},{"i":{"x":[0.71],"y":[1]},"o":{"x":[0.29],"y":[0]},"n":["0p71_1_0p29_0"],"t":6,"s":[-7],"e":[0]},{"i":{"x":[0.71],"y":[1]},"o":{"x":[0.29],"y":[0]},"n":["0p71_1_0p29_0"],"t":12,"s":[0],"e":[3]},{"i":{"x":[0.71],"y":[1]},"o":{"x":[0.29],"y":[0]},"n":["0p71_1_0p29_0"],"t":18,"s":[3],"e":[0]},{"i":{"x":[0.71],"y":[1]},"o":{"x":[0.29],"y":[0]},"n":["0p71_1_0p29_0"],"t":24,"s":[0],"e":[-7]},{"i":{"x":[0.71],"y":[1]},"o":{"x":[0.29],"y":[0]},"n":["0p71_1_0p29_0"],"t":30,"s":[-7],"e":[0]},{"i":{"x":[0.71],"y":[1]},"o":{"x":[0.29],"y":[0]},"n":["0p71_1_0p29_0"],"t":36,"s":[0],"e":[3]},{"i":{"x":[0.71],"y":[1]},"o":{"x":[0.29],"y":[0]},"n":["0p71_1_0p29_0"],"t":42,"s":[3],"e":[0]},{"t":48}],"ix":10},"p":{"a":1,"k":[{"i":{"x":0.71,"y":1},"o":{"x":0.29,"y":0},"n":"0p71_1_0p29_0","t":0,"s":[4603.937,5670.868,0],"e":[4625.912,5826.937,0],"to":[0,0,0],"ti":[0,0,0]},{"i":{"x":0.71,"y":1},"o":{"x":0.29,"y":0},"n":"0p71_1_0p29_0","t":6,"s":[4625.912,5826.937,0],"e":[4603.937,5670.868,0],"to":[0,0,0],"ti":[0,0,0]},{"i":{"x":0.71,"y":1},"o":{"x":0.29,"y":0},"n":"0p71_1_0p29_0","t":12,"s":[4603.937,5670.868,0],"e":[4625.912,5826.937,0],"to":[0,0,0],"ti":[0,0,0]},{"i":{"x":0.71,"y":1},"o":{"x":0.29,"y":0},"n":"0p71_1_0p29_0","t":18,"s":[4625.912,5826.937,0],"e":[4603.937,5670.868,0],"to":[0,0,0],"ti":[0,0,0]},{"i":{"x":0.71,"y":1},"o":{"x":0.29,"y":0},"n":"0p71_1_0p29_0","t":24,"s":[4603.937,5670.868,0],"e":[4625.912,5826.937,0],"to":[0,0,0],"ti":[0,0,0]},{"i":{"x":0.71,"y":1},"o":{"x":0.29,"y":0},"n":"0p71_1_0p29_0","t":30,"s":[4625.912,5826.937,0],"e":[4603.937,5670.868,0],"to":[0,0,0],"ti":[0,0,0]},{"i":{"x":0.71,"y":1},"o":{"x":0.29,"y":0},"n":"0p71_1_0p29_0","t":36,"s":[4603.937,5670.868,0],"e":[4625.912,5826.937,0],"to":[0,0,0],"ti":[0,0,0]},{"i":{"x":0.71,"y":1},"o":{"x":0.29,"y":0},"n":"0p71_1_0p29_0","t":42,"s":[4625.912,5826.937,0],"e":[4603.937,5670.868,0],"to":[0,0,0],"ti":[0,0,0]},{"t":48}],"ix":2},"a":{"a":0,"k":[4603.937,5670.868,0],"ix":1},"s":{"a":0,"k":[100,100,100],"ix":6}},"ao":0,"shapes":[{"ty":"gr","it":[{"ind":0,"ty":"sh","ix":1,"ks":{"a":0,"k":{"i":[[6.464,70.781],[891.726,0],[9.116,-937.066],[0,0],[0,0],[0,-0.247],[0,0],[-307.375,-449.978],[0,0]],"o":[[-79.545,-870.985],[-939.219,0],[0,0],[0,0],[0,0.247],[0,0],[0,0],[416,609],[526.283,-17.576]],"v":[[1714.372,-281.952],[11.174,-1835.27],[-1699.272,-141.299],[-1699.681,-141.299],[-1699.681,-125.131],[-1699.699,-124.396],[-1699.681,-124.396],[-1448.967,1298.385],[1226.942,1410.198]],"c":true},"ix":2},"nm":"Path 1","mn":"ADBE Vector Shape - Group","hd":false},{"ty":"fl","c":{"a":0,"k":[0.19199999641,0.764999988032,0.816000007181,1],"ix":4},"o":{"a":0,"k":100,"ix":5},"r":1,"nm":"Fill 1","mn":"ADBE Vector Graphic - Fill","hd":false},{"ty":"tr","p":{"a":0,"k":[5761.98,4327.839],"ix":2},"a":{"a":0,"k":[0,0],"ix":1},"s":{"a":0,"k":[100,100],"ix":3},"r":{"a":0,"k":0,"ix":6},"o":{"a":0,"k":100,"ix":7},"sk":{"a":0,"k":0,"ix":4},"sa":{"a":0,"k":0,"ix":5},"nm":"Transform"}],"nm":"Group 1","np":2,"cix":2,"ix":1,"mn":"ADBE Vector Group","hd":false},{"ty":"gr","it":[{"ind":0,"ty":"sh","ix":1,"ks":{"a":0,"k":{"i":[[152.871,-82.139],[-45.228,-39.134],[-132.406,22.413],[125.696,88.954]],"o":[[-52.685,28.309],[116.943,101.188],[184.221,-31.184],[-84.91,-60.09]],"v":[[-302.097,-114.138],[-317.099,26.349],[161.072,257.914],[236.63,-220.236]],"c":true},"ix":2},"nm":"Path 1","mn":"ADBE Vector Shape - Group","hd":false},{"ty":"fl","c":{"a":0,"k":[0.113999998803,0.156999999402,0.352999997606,1],"ix":4},"o":{"a":0,"k":100,"ix":5},"r":1,"nm":"Fill 1","mn":"ADBE Vector Graphic - Fill","hd":false},{"ty":"tr","p":{"a":0,"k":[3918.8,4208.913],"ix":2},"a":{"a":0,"k":[0,0],"ix":1},"s":{"a":0,"k":[100,100],"ix":3},"r":{"a":0,"k":0,"ix":6},"o":{"a":0,"k":100,"ix":7},"sk":{"a":0,"k":0,"ix":4},"sa":{"a":0,"k":0,"ix":5},"nm":"Transform"}],"nm":"Group 2","np":2,"cix":2,"ix":2,"mn":"ADBE Vector Group","hd":false},{"ty":"gr","it":[{"ind":0,"ty":"sh","ix":1,"ks":{"a":0,"k":{"i":[[297.154,-29.159],[-38.24,-76.738],[-225.167,-52.089],[140.692,224.452]],"o":[[-85.329,8.373],[118.624,238.053],[313.151,72.441],[-95.015,-151.581]],"v":[[-465.094,-470.334],[-562.743,-294.043],[23.783,427.053],[460.291,-282.136]],"c":true},"ix":2},"nm":"Path 1","mn":"ADBE Vector Shape - Group","hd":false},{"ty":"fl","c":{"a":0,"k":[0.113999998803,0.156999999402,0.352999997606,1],"ix":4},"o":{"a":0,"k":100,"ix":5},"r":1,"nm":"Fill 1","mn":"ADBE Vector Graphic - Fill","hd":false},{"ty":"tr","p":{"a":0,"k":[4118.137,3552.771],"ix":2},"a":{"a":0,"k":[0,0],"ix":1},"s":{"a":0,"k":[100,100],"ix":3},"r":{"a":0,"k":0,"ix":6},"o":{"a":0,"k":100,"ix":7},"sk":{"a":0,"k":0,"ix":4},"sa":{"a":0,"k":0,"ix":5},"nm":"Transform"}],"nm":"Group 3","np":2,"cix":2,"ix":3,"mn":"ADBE Vector Group","hd":false},{"ty":"gr","it":[{"ind":0,"ty":"sh","ix":1,"ks":{"a":0,"k":{"i":[[417.429,171.741],[3.349,-129.572],[-263.71,-229.185],[28.718,399.434]],"o":[[-119.867,-49.315],[-10.389,401.947],[366.754,318.74],[-19.395,-269.752]],"v":[[-432.546,-907.103],[-687.913,-740.952],[-416.034,637.678],[669.584,0.256]],"c":true},"ix":2},"nm":"Path 1","mn":"ADBE Vector Shape - Group","hd":false},{"ty":"fl","c":{"a":0,"k":[0.113999998803,0.156999999402,0.352999997606,1],"ix":4},"o":{"a":0,"k":100,"ix":5},"r":1,"nm":"Fill 1","mn":"ADBE Vector Graphic - Fill","hd":false},{"ty":"tr","p":{"a":0,"k":[4949.345,2718.341],"ix":2},"a":{"a":0,"k":[0,0],"ix":1},"s":{"a":0,"k":[100,100],"ix":3},"r":{"a":0,"k":0,"ix":6},"o":{"a":0,"k":100,"ix":7},"sk":{"a":0,"k":0,"ix":4},"sa":{"a":0,"k":0,"ix":5},"nm":"Transform"}],"nm":"Group 4","np":2,"cix":2,"ix":4,"mn":"ADBE Vector Group","hd":false}],"ip":0,"op":300,"st":0,"bm":0},{"ddd":0,"ind":8,"ty":4,"nm":"Lips - bottom","parent":10,"sr":1,"ks":{"o":{"a":0,"k":100,"ix":11},"r":{"a":0,"k":4,"ix":10},"p":{"a":0,"k":[5682.083,6263.65,0],"ix":2},"a":{"a":0,"k":[0,0,0],"ix":1},"s":{"a":0,"k":[526.316,526.316,100],"ix":6}},"ao":0,"shapes":[{"ty":"gr","it":[{"ind":0,"ty":"sh","ix":1,"ks":{"a":0,"k":{"i":[[-19.086,-10.159],[0,0]],"o":[[133.25,70.928],[0,0]],"v":[[-149.863,-96.459],[260.218,-48.852]],"c":false},"ix":2},"nm":"Path 1","mn":"ADBE Vector Shape - Group","hd":false},{"ty":"st","c":{"a":0,"k":[0.156862745098,0.666666666667,0.678431372549,1],"ix":3},"o":{"a":0,"k":100,"ix":4},"w":{"a":0,"k":16,"ix":5},"lc":2,"lj":2,"nm":"Stroke 1","mn":"ADBE Vector Graphic - Stroke","hd":false},{"ty":"tr","p":{"a":0,"k":[0,0],"ix":2},"a":{"a":0,"k":[0,0],"ix":1},"s":{"a":0,"k":[100,100],"ix":3},"r":{"a":0,"k":0,"ix":6},"o":{"a":0,"k":100,"ix":7},"sk":{"a":0,"k":0,"ix":4},"sa":{"a":0,"k":0,"ix":5},"nm":"Transform"}],"nm":"Shape 1","np":3,"cix":2,"ix":1,"mn":"ADBE Vector Group","hd":false}],"ip":0,"op":300,"st":0,"bm":0},{"ddd":0,"ind":9,"ty":4,"nm":"Front Arm","parent":10,"sr":1,"ks":{"o":{"a":0,"k":100,"ix":11},"r":{"a":1,"k":[{"i":{"x":[0.526],"y":[0.603]},"o":{"x":[0.375],"y":[0]},"n":["0p526_0p603_0p375_0"],"t":0,"s":[-73.847],"e":[8.147]},{"i":{"x":[0.31],"y":[1]},"o":{"x":[0.233],"y":[-0.196]},"n":["0p31_1_0p233_-0p196"],"t":6,"s":[8.147],"e":[-73.847]},{"i":{"x":[0.526],"y":[0.603]},"o":{"x":[0.375],"y":[0]},"n":["0p526_0p603_0p375_0"],"t":12,"s":[-73.847],"e":[8.147]},{"i":{"x":[0.31],"y":[1]},"o":{"x":[0.233],"y":[-0.196]},"n":["0p31_1_0p233_-0p196"],"t":18,"s":[8.147],"e":[-73.847]},{"i":{"x":[0.526],"y":[0.603]},"o":{"x":[0.375],"y":[0]},"n":["0p526_0p603_0p375_0"],"t":24,"s":[-73.847],"e":[8.147]},{"i":{"x":[0.31],"y":[1]},"o":{"x":[0.233],"y":[-0.196]},"n":["0p31_1_0p233_-0p196"],"t":30,"s":[8.147],"e":[-73.847]},{"i":{"x":[0.526],"y":[0.603]},"o":{"x":[0.375],"y":[0]},"n":["0p526_0p603_0p375_0"],"t":36,"s":[-73.847],"e":[8.147]},{"i":{"x":[0.31],"y":[1]},"o":{"x":[0.233],"y":[-0.196]},"n":["0p31_1_0p233_-0p196"],"t":42,"s":[8.147],"e":[-73.847]},{"t":48}],"ix":10},"p":{"a":0,"k":[4818.2,6902.5,0],"ix":2},"a":{"a":0,"k":[4818.2,6902.5,0],"ix":1},"s":{"a":0,"k":[100,100,100],"ix":6}},"ao":0,"shapes":[{"ty":"gr","it":[{"ind":0,"ty":"sh","ix":1,"ks":{"a":0,"k":{"i":[[-103.377,-77.286],[0,0],[0,0],[0,0],[0,0],[77.778,-124.297],[0,0]],"o":[[0,0],[0,0],[0,0],[0,0],[-116.094,-89.561],[0,0],[-68.467,109.418]],"v":[[-332.608,50.864],[179.709,433.879],[150.616,121.722],[462.844,37.803],[-32.481,-344.318],[-394.376,-279.478],[-394.376,-279.477]],"c":true},"ix":2},"nm":"Path 1","mn":"ADBE Vector Shape - Group","hd":false},{"ty":"fl","c":{"a":0,"k":[0.607999973671,0.910000011968,0.917999985639,1],"ix":4},"o":{"a":0,"k":100,"ix":5},"r":1,"nm":"Fill 1","mn":"ADBE Vector Graphic - Fill","hd":false},{"ty":"tr","p":{"a":0,"k":[5053.811,7083.655],"ix":2},"a":{"a":0,"k":[0,0],"ix":1},"s":{"a":0,"k":[100,100],"ix":3},"r":{"a":0,"k":0,"ix":6},"o":{"a":0,"k":100,"ix":7},"sk":{"a":0,"k":0,"ix":4},"sa":{"a":0,"k":0,"ix":5},"nm":"Transform"}],"nm":"Group 1","np":2,"cix":2,"ix":1,"mn":"ADBE Vector Group","hd":false}],"ip":0,"op":300,"st":0,"bm":0},{"ddd":0,"ind":10,"ty":4,"nm":"Body","sr":1,"ks":{"o":{"a":0,"k":100,"ix":11},"r":{"a":1,"k":[{"i":{"x":[0.833],"y":[1]},"o":{"x":[0.167],"y":[0.167]},"n":["0p833_1_0p167_0p167"],"t":-1,"s":[-0.739],"e":[8]},{"i":{"x":[0.833],"y":[0.847]},"o":{"x":[0.167],"y":[0]},"n":["0p833_0p847_0p167_0"],"t":5,"s":[8],"e":[-0.739]},{"i":{"x":[0.833],"y":[1]},"o":{"x":[0.167],"y":[0.184]},"n":["0p833_1_0p167_0p184"],"t":11,"s":[-0.739],"e":[-8]},{"i":{"x":[0.833],"y":[0.816]},"o":{"x":[0.167],"y":[0]},"n":["0p833_0p816_0p167_0"],"t":17,"s":[-8],"e":[-0.739]},{"i":{"x":[0.833],"y":[1]},"o":{"x":[0.167],"y":[0.153]},"n":["0p833_1_0p167_0p153"],"t":23,"s":[-0.739],"e":[8]},{"i":{"x":[0.833],"y":[0.847]},"o":{"x":[0.167],"y":[0]},"n":["0p833_0p847_0p167_0"],"t":29,"s":[8],"e":[-0.739]},{"i":{"x":[0.833],"y":[1]},"o":{"x":[0.167],"y":[0.184]},"n":["0p833_1_0p167_0p184"],"t":35,"s":[-0.739],"e":[-8]},{"i":{"x":[0.833],"y":[0.833]},"o":{"x":[0.167],"y":[0]},"n":["0p833_0p833_0p167_0"],"t":41,"s":[-8],"e":[-0.739]},{"t":47}],"ix":10},"p":{"a":1,"k":[{"i":{"x":0.833,"y":0.833},"o":{"x":0.167,"y":0.167},"n":"0p833_0p833_0p167_0p167","t":0,"s":[976.774,1481.853,0],"e":[976.774,1541.853,0],"to":[0,0,0],"ti":[0,0,0]},{"i":{"x":0.833,"y":0.833},"o":{"x":0.167,"y":0.167},"n":"0p833_0p833_0p167_0p167","t":6,"s":[976.774,1541.853,0],"e":[976.774,1481.853,0],"to":[0,0,0],"ti":[0,0,0]},{"i":{"x":0.833,"y":0.833},"o":{"x":0.167,"y":0.167},"n":"0p833_0p833_0p167_0p167","t":12,"s":[976.774,1481.853,0],"e":[976.774,1541.853,0],"to":[0,0,0],"ti":[0,0,0]},{"i":{"x":0.833,"y":0.833},"o":{"x":0.167,"y":0.167},"n":"0p833_0p833_0p167_0p167","t":18,"s":[976.774,1541.853,0],"e":[976.774,1481.853,0],"to":[0,0,0],"ti":[0,0,0]},{"i":{"x":0.833,"y":0.833},"o":{"x":0.167,"y":0.167},"n":"0p833_0p833_0p167_0p167","t":24,"s":[976.774,1481.853,0],"e":[976.774,1541.853,0],"to":[0,0,0],"ti":[0,0,0]},{"i":{"x":0.833,"y":0.833},"o":{"x":0.167,"y":0.167},"n":"0p833_0p833_0p167_0p167","t":30,"s":[976.774,1541.853,0],"e":[976.774,1481.853,0],"to":[0,0,0],"ti":[0,0,0]},{"i":{"x":0.833,"y":0.833},"o":{"x":0.167,"y":0.167},"n":"0p833_0p833_0p167_0p167","t":36,"s":[976.774,1481.853,0],"e":[976.774,1541.853,0],"to":[0,0,0],"ti":[0,0,0]},{"i":{"x":0.833,"y":0.833},"o":{"x":0.167,"y":0.167},"n":"0p833_0p833_0p167_0p167","t":42,"s":[976.774,1541.853,0],"e":[976.774,1481.853,0],"to":[0,0,0],"ti":[0,0,0]},{"t":48}],"ix":2},"a":{"a":1,"k":[{"i":{"x":0.833,"y":0.833},"o":{"x":0.167,"y":0.167},"n":"0p833_0p833_0p167_0p167","t":0,"s":[5564.051,8254.792,0],"e":[5564.051,8254.792,0],"to":[0,0,0],"ti":[0,0,0]},{"i":{"x":0.833,"y":0.833},"o":{"x":0.167,"y":0.167},"n":"0p833_0p833_0p167_0p167","t":6,"s":[5564.051,8254.792,0],"e":[5564.051,8254.792,0],"to":[0,0,0],"ti":[0,0,0]},{"i":{"x":0.833,"y":0.833},"o":{"x":0.167,"y":0.167},"n":"0p833_0p833_0p167_0p167","t":12,"s":[5564.051,8254.792,0],"e":[5564.051,8254.792,0],"to":[0,0,0],"ti":[0,0,0]},{"i":{"x":0.833,"y":0.833},"o":{"x":0.167,"y":0.167},"n":"0p833_0p833_0p167_0p167","t":18,"s":[5564.051,8254.792,0],"e":[5564.051,8254.792,0],"to":[0,0,0],"ti":[0,0,0]},{"i":{"x":0.833,"y":0.833},"o":{"x":0.167,"y":0.167},"n":"0p833_0p833_0p167_0p167","t":24,"s":[5564.051,8254.792,0],"e":[5564.051,8254.792,0],"to":[0,0,0],"ti":[0,0,0]},{"i":{"x":0.833,"y":0.833},"o":{"x":0.167,"y":0.167},"n":"0p833_0p833_0p167_0p167","t":30,"s":[5564.051,8254.792,0],"e":[5564.051,8254.792,0],"to":[0,0,0],"ti":[0,0,0]},{"i":{"x":0.833,"y":0.833},"o":{"x":0.167,"y":0.167},"n":"0p833_0p833_0p167_0p167","t":36,"s":[5564.051,8254.792,0],"e":[5564.051,8254.792,0],"to":[0,0,0],"ti":[0,0,0]},{"i":{"x":0.833,"y":0.833},"o":{"x":0.167,"y":0.167},"n":"0p833_0p833_0p167_0p167","t":42,"s":[5564.051,8254.792,0],"e":[5564.051,8254.792,0],"to":[0,0,0],"ti":[0,0,0]},{"t":48}],"ix":1},"s":{"a":0,"k":[19,19.035,100],"ix":6}},"ao":0,"shapes":[{"ty":"gr","it":[{"ind":0,"ty":"sh","ix":1,"ks":{"a":0,"k":{"i":[[0,0],[0,0],[0,0],[-84.34,0.493],[0,0],[6.211,840.834],[0,0],[346.335,483.223],[44.546,408.833]],"o":[[0,0],[0,0],[0,84.34],[0,0],[840.842,-4.917],[0,0],[-1538,124.039],[-64.589,-90.118],[-44.546,-408.833]],"v":[[-1481.772,-2217.138],[-1469.436,-1067.469],[-1469.436,1900.467],[-1316.462,2052.549],[-48.693,2042.114],[1463.224,510.055],[1457.187,-365.377],[-1157.101,-1213.999],[-976.753,-1774.422]],"c":true},"ix":2},"nm":"Path 1","mn":"ADBE Vector Shape - Group","hd":false},{"ty":"fl","c":{"a":0,"k":[0.19199999641,0.764999988032,0.816000007181,1],"ix":4},"o":{"a":0,"k":100,"ix":5},"r":1,"nm":"Fill 1","mn":"ADBE Vector Graphic - Fill","hd":false},{"ty":"tr","p":{"a":0,"k":[5636.062,6454.124],"ix":2},"a":{"a":0,"k":[0,0],"ix":1},"s":{"a":0,"k":[100,100],"ix":3},"r":{"a":0,"k":0,"ix":6},"o":{"a":0,"k":100,"ix":7},"sk":{"a":0,"k":0,"ix":4},"sa":{"a":0,"k":0,"ix":5},"nm":"Transform"}],"nm":"Group 1","np":2,"cix":2,"ix":1,"mn":"ADBE Vector Group","hd":false}],"ip":0,"op":300,"st":0,"bm":0},{"ddd":0,"ind":11,"ty":4,"nm":"Front Leg","sr":1,"ks":{"o":{"a":0,"k":100,"ix":11},"r":{"a":0,"k":-0.739,"ix":10},"p":{"a":0,"k":[820.314,1504.973,0],"ix":2},"a":{"a":0,"k":[4720.009,8415.31,0],"ix":1},"s":{"a":0,"k":[19,19.035,100],"ix":6}},"ao":0,"shapes":[{"ty":"gr","it":[{"ind":0,"ty":"sh","ix":1,"ks":{"a":0,"k":{"i":[[0,59.189],[0,0],[0,0],[0,0],[239.724,0],[0,0],[0,0]],"o":[[0,0],[0,0],[0,0],[0,-239.724],[0,0],[0,0],[0,0]],"v":[[-483.384,-288.962],[-483.384,288.962],[483.384,288.962],[483.384,288.961],[49.326,6.987],[-69.055,6.987],[-69.055,-269.232]],"c":true},"ix":2},"nm":"Path 1","mn":"ADBE Vector Shape - Group","hd":false},{"ty":"fl","c":{"a":0,"k":[0.19199999641,0.764999988032,0.816000007181,1],"ix":4},"o":{"a":0,"k":100,"ix":5},"r":1,"nm":"Fill 1","mn":"ADBE Vector Graphic - Fill","hd":false},{"ty":"tr","p":{"a":0,"k":[5162.114,8636.362],"ix":2},"a":{"a":0,"k":[0,0],"ix":1},"s":{"a":0,"k":[100,100],"ix":3},"r":{"a":0,"k":0,"ix":6},"o":{"a":0,"k":100,"ix":7},"sk":{"a":0,"k":0,"ix":4},"sa":{"a":0,"k":0,"ix":5},"nm":"Transform"}],"nm":"Group 1","np":2,"cix":2,"ix":1,"mn":"ADBE Vector Group","hd":false}],"ip":0,"op":300,"st":0,"bm":0},{"ddd":0,"ind":12,"ty":4,"nm":"Tail ","parent":10,"sr":1,"ks":{"o":{"a":0,"k":100,"ix":11},"r":{"a":1,"k":[{"i":{"x":[0.72],"y":[1]},"o":{"x":[0.28],"y":[0]},"n":["0p72_1_0p28_0"],"t":0,"s":[-11.779],"e":[-36.779]},{"i":{"x":[0.72],"y":[1]},"o":{"x":[0.28],"y":[0]},"n":["0p72_1_0p28_0"],"t":6,"s":[-36.779],"e":[-11.779]},{"i":{"x":[0.72],"y":[1]},"o":{"x":[0.28],"y":[0]},"n":["0p72_1_0p28_0"],"t":12,"s":[-11.779],"e":[8.221]},{"i":{"x":[0.72],"y":[1]},"o":{"x":[0.28],"y":[0]},"n":["0p72_1_0p28_0"],"t":18,"s":[8.221],"e":[-11.779]},{"i":{"x":[0.72],"y":[1]},"o":{"x":[0.28],"y":[0]},"n":["0p72_1_0p28_0"],"t":24,"s":[-11.779],"e":[-36.779]},{"i":{"x":[0.72],"y":[1]},"o":{"x":[0.28],"y":[0]},"n":["0p72_1_0p28_0"],"t":30,"s":[-36.779],"e":[-11.779]},{"i":{"x":[0.72],"y":[1]},"o":{"x":[0.28],"y":[0]},"n":["0p72_1_0p28_0"],"t":36,"s":[-11.779],"e":[8.221]},{"i":{"x":[0.72],"y":[1]},"o":{"x":[0.28],"y":[0]},"n":["0p72_1_0p28_0"],"t":42,"s":[8.221],"e":[-11.779]},{"t":48}],"ix":10},"p":{"a":0,"k":[4272,8094,0],"ix":2},"a":{"a":0,"k":[4272,8094,0],"ix":1},"s":{"a":0,"k":[100,100,100],"ix":6}},"ao":0,"shapes":[{"ty":"gr","it":[{"ind":0,"ty":"sh","ix":1,"ks":{"a":0,"k":{"i":[[254.785,92.637],[95.447,107.144],[25.228,338.051],[-63.671,-77.241],[-404.243,76.025],[0,-177.417],[0.651,-9.634]],"o":[[-134.854,-49.032],[-326.821,-366.875],[-7.455,-99.821],[223.085,270.638],[155.921,-29.324],[0,9.799],[-18.289,270.485]],"v":[[172.037,758.455],[-179.859,521.699],[-721.618,-701.961],[-540.489,-773.851],[466.251,-13.06],[729.073,380.318],[728.091,409.473]],"c":true},"ix":2},"nm":"Path 1","mn":"ADBE Vector Shape - Group","hd":false},{"ty":"fl","c":{"a":0,"k":[0.19199999641,0.764999988032,0.816000007181,1],"ix":4},"o":{"a":0,"k":100,"ix":5},"r":1,"nm":"Fill 1","mn":"ADBE Vector Graphic - Fill","hd":false},{"ty":"tr","p":{"a":0,"k":[3958.284,7723.464],"ix":2},"a":{"a":0,"k":[0,0],"ix":1},"s":{"a":0,"k":[100,100],"ix":3},"r":{"a":0,"k":0,"ix":6},"o":{"a":0,"k":100,"ix":7},"sk":{"a":0,"k":0,"ix":4},"sa":{"a":0,"k":0,"ix":5},"nm":"Transform"}],"nm":"Group 1","np":2,"cix":2,"ix":1,"mn":"ADBE Vector Group","hd":false},{"ty":"gr","it":[{"ind":0,"ty":"sh","ix":1,"ks":{"a":0,"k":{"i":[[0,235.185],[235.185,0],[0,-235.184],[-235.184,0]],"o":[[0,-235.184],[-235.184,0],[0,235.185],[235.185,0]],"v":[[425.838,0],[-0.001,-425.839],[-425.839,0],[-0.001,425.839]],"c":true},"ix":2},"nm":"Path 1","mn":"ADBE Vector Shape - Group","hd":false},{"ty":"fl","c":{"a":0,"k":[0.19199999641,0.764999988032,0.816000007181,1],"ix":4},"o":{"a":0,"k":100,"ix":5},"r":1,"nm":"Fill 1","mn":"ADBE Vector Graphic - Fill","hd":false},{"ty":"tr","p":{"a":0,"k":[4286.867,8078.435],"ix":2},"a":{"a":0,"k":[0,0],"ix":1},"s":{"a":0,"k":[100,100],"ix":3},"r":{"a":0,"k":0,"ix":6},"o":{"a":0,"k":100,"ix":7},"sk":{"a":0,"k":0,"ix":4},"sa":{"a":0,"k":0,"ix":5},"nm":"Transform"}],"nm":"Group 2","np":2,"cix":2,"ix":2,"mn":"ADBE Vector Group","hd":false}],"ip":-1,"op":299,"st":-1,"bm":0},{"ddd":0,"ind":13,"ty":4,"nm":"Teeth","parent":10,"sr":1,"ks":{"o":{"a":0,"k":100,"ix":11},"r":{"a":0,"k":175,"ix":10},"p":{"a":0,"k":[6907.401,6281.433,0],"ix":2},"a":{"a":0,"k":[5971.114,6065.017,0],"ix":1},"s":{"a":0,"k":[100,100,100],"ix":6}},"ao":0,"shapes":[{"ty":"gr","it":[{"ind":0,"ty":"sh","ix":1,"ks":{"a":0,"k":{"i":[[-106.997,0],[0,0],[0,106.997],[0,0],[0,0],[0,0]],"o":[[0,0],[106.998,0],[0,0],[0,0],[0,0],[0,106.997]],"v":[[0,141.026],[0,141.026],[193.734,-52.709],[193.734,-141.026],[-193.735,-114.155],[-193.735,-52.709]],"c":true},"ix":2},"nm":"Path 1","mn":"ADBE Vector Shape - Group","hd":false},{"ty":"fl","c":{"a":0,"k":[0.987999949736,0.933000033509,0.859000052658,1],"ix":4},"o":{"a":0,"k":100,"ix":5},"r":1,"nm":"Fill 1","mn":"ADBE Vector Graphic - Fill","hd":false},{"ty":"tr","p":{"a":0,"k":[6479.755,6288.914],"ix":2},"a":{"a":0,"k":[0,0],"ix":1},"s":{"a":0,"k":[100,100],"ix":3},"r":{"a":0,"k":0,"ix":6},"o":{"a":0,"k":100,"ix":7},"sk":{"a":0,"k":0,"ix":4},"sa":{"a":0,"k":0,"ix":5},"nm":"Transform"}],"nm":"Group 5","np":2,"cix":2,"ix":5,"mn":"ADBE Vector Group","hd":false},{"ty":"gr","it":[{"ind":0,"ty":"sh","ix":1,"ks":{"a":0,"k":{"i":[[-106.997,0],[0,0],[0,106.997],[0,0],[0,0],[0,0]],"o":[[0,0],[106.997,0],[0,0],[0,0],[0,0],[0,106.997]],"v":[[0,184.878],[0,184.878],[193.735,-8.856],[193.735,-158.007],[-193.735,-184.878],[-193.735,-8.856]],"c":true},"ix":2},"nm":"Path 1","mn":"ADBE Vector Shape - Group","hd":false},{"ty":"fl","c":{"a":0,"k":[0.969000004787,0.961000031116,0.948999980852,1],"ix":4},"o":{"a":0,"k":100,"ix":5},"r":1,"nm":"Fill 1","mn":"ADBE Vector Graphic - Fill","hd":false},{"ty":"tr","p":{"a":0,"k":[5971.114,6249.896],"ix":2},"a":{"a":0,"k":[0,0],"ix":1},"s":{"a":0,"k":[100,100],"ix":3},"r":{"a":0,"k":0,"ix":6},"o":{"a":0,"k":100,"ix":7},"sk":{"a":0,"k":0,"ix":4},"sa":{"a":0,"k":0,"ix":5},"nm":"Transform"}],"nm":"Group 6","np":2,"cix":2,"ix":6,"mn":"ADBE Vector Group","hd":false}],"ip":0,"op":300,"st":0,"bm":0},{"ddd":0,"ind":14,"ty":4,"nm":"Back Leg ","sr":1,"ks":{"o":{"a":0,"k":100,"ix":11},"r":{"a":0,"k":-0.739,"ix":10},"p":{"a":0,"k":[1027.343,1507.762,0],"ix":2},"a":{"a":0,"k":[5828.015,8425.836,0],"ix":1},"s":{"a":0,"k":[19,19.035,100],"ix":6}},"ao":0,"shapes":[{"ty":"gr","it":[{"ind":0,"ty":"sh","ix":1,"ks":{"a":0,"k":{"i":[[0,59.189],[0,0],[0,0],[0,0],[239.725,0],[0,0],[0,0]],"o":[[0,0],[0,0],[0,0],[0,-239.724],[0,0],[0,0],[0,0]],"v":[[-483.384,-288.962],[-483.384,288.962],[483.384,288.962],[483.384,288.961],[49.325,6.987],[-69.056,6.987],[-69.056,-269.232]],"c":true},"ix":2},"nm":"Path 1","mn":"ADBE Vector Shape - Group","hd":false},{"ty":"fl","c":{"a":0,"k":[0.156999999402,0.666999966491,0.677999997606,1],"ix":4},"o":{"a":0,"k":100,"ix":5},"r":1,"nm":"Fill 1","mn":"ADBE Vector Graphic - Fill","hd":false},{"ty":"tr","p":{"a":0,"k":[6259.594,8636.362],"ix":2},"a":{"a":0,"k":[0,0],"ix":1},"s":{"a":0,"k":[100,100],"ix":3},"r":{"a":0,"k":0,"ix":6},"o":{"a":0,"k":100,"ix":7},"sk":{"a":0,"k":0,"ix":4},"sa":{"a":0,"k":0,"ix":5},"nm":"Transform"}],"nm":"Group 1","np":2,"cix":2,"ix":1,"mn":"ADBE Vector Group","hd":false}],"ip":0,"op":300,"st":0,"bm":0},{"ddd":0,"ind":15,"ty":4,"nm":"Back Arm","parent":10,"sr":1,"ks":{"o":{"a":0,"k":100,"ix":11},"r":{"a":1,"k":[{"i":{"x":[0.526],"y":[0.603]},"o":{"x":[0.375],"y":[0]},"n":["0p526_0p603_0p375_0"],"t":0,"s":[-73.847],"e":[8.147]},{"i":{"x":[0.31],"y":[1]},"o":{"x":[0.233],"y":[-0.196]},"n":["0p31_1_0p233_-0p196"],"t":6,"s":[8.147],"e":[-73.847]},{"i":{"x":[0.526],"y":[0.603]},"o":{"x":[0.375],"y":[0]},"n":["0p526_0p603_0p375_0"],"t":12,"s":[-73.847],"e":[8.147]},{"i":{"x":[0.31],"y":[1]},"o":{"x":[0.233],"y":[-0.196]},"n":["0p31_1_0p233_-0p196"],"t":18,"s":[8.147],"e":[-73.847]},{"i":{"x":[0.526],"y":[0.603]},"o":{"x":[0.375],"y":[0]},"n":["0p526_0p603_0p375_0"],"t":24,"s":[-73.847],"e":[8.147]},{"i":{"x":[0.31],"y":[1]},"o":{"x":[0.233],"y":[-0.196]},"n":["0p31_1_0p233_-0p196"],"t":30,"s":[8.147],"e":[-73.847]},{"i":{"x":[0.526],"y":[0.603]},"o":{"x":[0.375],"y":[0]},"n":["0p526_0p603_0p375_0"],"t":36,"s":[-73.847],"e":[8.147]},{"i":{"x":[0.31],"y":[1]},"o":{"x":[0.233],"y":[-0.196]},"n":["0p31_1_0p233_-0p196"],"t":42,"s":[8.147],"e":[-73.847]},{"t":48}],"ix":10},"p":{"a":0,"k":[6916.263,6954.419,0],"ix":2},"a":{"a":0,"k":[6916.263,6954.419,0],"ix":1},"s":{"a":0,"k":[100,100,100],"ix":6}},"ao":0,"shapes":[{"ty":"gr","it":[{"ind":0,"ty":"sh","ix":1,"ks":{"a":0,"k":{"i":[[-116.603,-55.353],[0,0],[0,0],[0,0],[0,0],[51.704,-137.208]],"o":[[0,0],[0,0],[0,0],[0,0],[-131.492,-64.875],[-45.514,120.783]],"v":[[-302.959,118.611],[274.899,392.927],[184.742,92.659],[474.253,-51.257],[-86.771,-328.052],[-428.738,-193.031]],"c":true},"ix":2},"nm":"Path 1","mn":"ADBE Vector Shape - Group","hd":false},{"ty":"fl","c":{"a":0,"k":[0.156999999402,0.666999966491,0.677999997606,1],"ix":4},"o":{"a":0,"k":100,"ix":5},"r":1,"nm":"Fill 1","mn":"ADBE Vector Graphic - Fill","hd":false},{"ty":"tr","p":{"a":0,"k":[7153.986,7074.166],"ix":2},"a":{"a":0,"k":[0,0],"ix":1},"s":{"a":0,"k":[100,100],"ix":3},"r":{"a":0,"k":0,"ix":6},"o":{"a":0,"k":100,"ix":7},"sk":{"a":0,"k":0,"ix":4},"sa":{"a":0,"k":0,"ix":5},"nm":"Transform"}],"nm":"Group 1","np":2,"cix":2,"ix":1,"mn":"ADBE Vector Group","hd":false}],"ip":-2,"op":300,"st":0,"bm":0}]}